SAS SABENA – LA BELLE EPOQUE,RESTAURATEUR,26140,ANDANCETTE,04 75 68 81 86
JAMET,CHARPENTE,26140,ANDANCETTE,04 75 31 56 81
BERNARD,QUINCAILLERIE,26140,ST RAMBERT D ALBON,04 75 31 00 20
BAR DES AILES,RESTAURATEUR,26140,ALBON,04 75 23 72 42
CABINET DE RELAXATION,MASSAGE,26140,ALBON,06 27 23 29 73
NORD DROME AUTOMOBILES,GARAGISTE,26140,ST RAMBERT D ALBON,04 75 31 01 49
AUTOMATEC,AUTOMATISME,26140,ANDANCETTE,04 75 31 26 77
IBIS,HOTEL,26140,ST RAMBERT D ALBON,04 75 03 04 00
PLASTALVER,MENUISERIE ALU ,38150,SALAISE / SANNE,04 74 86 16 24
IMM’GEST,IMMOBILIER,26140,ST RAMBERT D ALBON,04 75 31 23 27
ESPACE COIFFURE JEROME,COIFFEUR,26140,ST RAMBERT D ALBON,04 75 31 37 49
5 EME RUE  ,COIFFEUR,26140,ST RAMBERT D ALBON,04 75 23 37 69
PEGGY COIFFURE,COIFFEUR,26140,ST RAMBERT D ALBON,04 75 31 02 18
THIBOPHOTO,PHOTOGRAPHE,26140,ST RAMBERT D ALBON,06 50 17 97 79
2000 CHAUSSURES,CHAUSSURES,26140,ST RAMBERT D ALBON,04 75 31 11 60
RAMBERT CONFECTION,MERCERIE COUTURE,26140,ST RAMBERT D ALBON,04 75 31 19 29
CABANE A LOLO,,26140,ST RAMBERT D ALBON,04 75 03 13 96
BORET SERRURERIE,SERRURIER,26140,ST RAMBERT D ALBON,04 75 31 24 13
VITRONET,NETTOYAGE,26140,ST RAMBERT D ALBON,04 75 31 23 55
ROURE,PEINTRE,26140,ST RAMBERT D ALBON,06 09 87 05 09
LA PORTE DU SUD,BOULANGER,26140,ST RAMBERT D ALBON,07 61 45 41 08
MAISON JURY,BOULANGER,26140,ST RAMBERT D ALBON,04 27 45 72 18
LE FIL DE L EAU,RESTAURANT,26140,ST RAMBERT D ALBON,04 75 31 35 78
TAXI DE RICHAUD ,TAXI,26140,ST RAMBERT D ALBON,04 75 31 00 47
JUILLET ANIMATION,SONOROSATION,26140,ST RAMBERT D ALBON,06 83 05 86 66
GROUPAMA,ASSURANCES,26140,ST RAMBERT D ALBON,04 75 31 15 39
CA CENTRE EST,BANQUE,26140,ST RAMBERT D ALBON,04 75 31 08 77
BOULANGERIE MORANDAT,BOULANGER,26140,ST RAMBERT D ALBON,04 75 03 56 13
CA SUD RNONE ALPES ,BANQUE,26140,ST RAMBERT D ALBON,04 75 84 91 87
TOMMASINI,PLOMBERIE,26140,ST RAMBERT D ALBON,06 22 27 43 05
BERT ET YOU,TRANSPORT,26140,ST RAMBERT D ALBON,04 75 31 01 15
DELMONICO DOREL,CARRIERES,26140,ANDANCETTE,04 75 03 11 00
MURSOL,PEINTURE DECO,26140,ST RAMBERT D ALBON,
BOUCHERIE ROCHE,BOUCHER,26140,ST RAMBERT D ALBON,
COEUR DE FLEURS,FLEURISTE,26140,ST RAMBERT D ALBON,
LES JARDINS DE BRUYERE,JARDINIERISTE,26140,BEAUSEMBLANT,
