LES DESIGNERS DE PIERRE  FACON PIERRE,ENDUIT PIERRE,KLOCK,590 ROUTE DE RAPON,,26140 ANNEYRON ,,06 58 67 68 78,designersdepierre@gmail.com,
ICF PROTECTION,ALARME ELECTRICITE,PASQUION AURELIEN,154 RUE JACQUES CARTIER,,07430 DAVEZIEUX,,06 69 20 69 62,icfprotec@gmail.com,
INFO ECONOMIE ENERGIE,ISOLATION HYDROFUGE,KATHY PECH FLORES,20 IMPASSE DENIS PAPIN ZA FONT GRAVE,,26740 MONTBOUCHER/ JABRON,04 75 49 61 97,,serviceadmin@i-ee.fr,
CP STRUCTURE,MAITRE D OEUVRE,CARLE MICHEL,327 ROUTE D ANNONAY,,07100 ROIFFIEUX,,06 70 82 56 42,contact@cpstructures.com,
GB MENUISERIE,MENUISERIE EBENISTE,GUERIN BENOIT,3250 RIUTE DES FAURIES,,07410 ARLEBOSC,,06 59 04 18 55,gbmenuiserie@outlook.com,
SAS ETS GIBERT,TRAITEMENT CHARPENTE,GIBERT OLIVIER,ZAE DE CHAMPAGNE 23 RUE LOUIS GILLOT,,07300 TOURNON,04 75 07 23 60,,contact@etsgibert.fr,
TC BATIMENT,ENTREPRISE GENERALE DU BATIMENT,CONJARD THIERRY,13 RUE PIERRE SEMARD ,,38150 SALAISE /SANNE,,07 71 80 26 38,tcbatiment2017@gmail.com,
 ILLICO TRAVAUX SARL HESTIA RENOVATION,COURTIER EN TRAVAUX,THIEBAUT CORENTIN,ILLICO TRAVAUX ROMANS / ISERE 31 GRANDE RUE JEAN JAURES ,,26300 BOURG DE PEAGE,,07 62 56 00 59,thiebaut@hestia-renovation.fr,
TARAVELLO,FERMETURE DE L HABITAT,NICOLAS TARAVELLO,6/8 RUE A.GELIBERT BP 191 ,,26109 ROMANS CEDEX,04 75 05 79 93,,contact@taravello-sa.fr,
ATELIER CROZET,ARTISAN.TAPISSIER,ANGELO CROZET,30 BIS AVENUE DU MIDI,,26600 GERVANS,,06 03 36 25 50,ateliercrozet@sfr.fr,
ESPACE MENUISERIE,MENUISERIE,YANNICK SAUNIER,30 RUE DU RENIVET,,38150 SALAISE /SANNE,,06 01 81 13 02,yannicksaunier@sfr.fr,
CONSERVES ET TERRINES D ARDECHE,PRODUITS ARDECHOIS,FERREIN SANDRINE,108 ROUTE DU CHAMBON,,07690 VOCANCE,,06 89 77 83 94,ferreinsandrine@gmail.com,
GABET FREDERIC AVOCAT,AVOCAT,FREDERIC GABET,65 AVENUE DU DOCTEUR L STEINBERG ,,26140 ST RAMBERT D ALBON,,,cabinet@cabinetgabet.com,
ENTREPRISE FAURIAT,CARRELAGE,POINAS JULIEN,ZA EMCOPARC 6 RUE MONCEY ,,38550 SABLONS,04 74 84 34 71,,b.fauriat@wanadoo.fr,
CLARA STORES,STORE VOILAGE,F LELEU,100 IMPASSE JOSEPH CUGNOT,,26300 CHATUZANGE LE GOUBET,04 75 71 34 09,,clara-store-deco@orange.fr,
SONNIER BOIS ,MENUISERIE,ANTOINE MARRANT,ZAC DE JUSTICES,,38150 SALAISE /SANNE,,,sonnier@sonnier.fr,
SEM BOIS,MENUISERIE,LANCERON JENNIFER,8 RUE DU RENIVET,,38150 SALAISE /SANNE,04 74 29 58 96,,sembois@orange.fr,
TOUT POUR L EAU   GE3M,PISCINE,GE3M,7 ZA EMCOPARC ,,38550 SABLONS,04 37 04 69 01,,ge3m.toutpourleau@orange.fr,
SARL ALGO,ZINGUERIE ALU,LIGUORI VINCENT,1 RUE DE SOURCE ZI MARENTON 3 ,,07100 ANNONAY,04 75 33 28 34,,contact@algo-alu.fr,
FABBRI FROID,FRIGORISTE,FABBRI ALAIN ET ARTRU TRISTAN,1805 A ROUTE DE MARCOZ,,26140 ALBON,04 75 03 12 30,,fabbri@fabbri-froid.com,
EFFICITY,IMMOBILIER,CEDRIC GUILLE,99 IMPASSE DES PATURAGES ,,38150 CHANAS,,07 83 77 24 56,cguille@efficity.com,
ARCADE SERVICES VULCAN,APPAREIL ANTI CALCAIRE,JOSE RASTEIRO,1 RUE BONJOUR,,26100 ROMANS/ISERE,,06 22 68 80 72,26.arcade@gmail.com,
ROUSSEY,MONTE ESCALIER,ROUSSEY PHILIPPE,120 ROUTE DE SABLON,,38270 PRIMARETTE,,06 84 39 19 12,shilling.spa.douche@gmail.com,
AVCI FACADES,FACADIER,ABDOULAH AVCI,85 RUE DE MARSEILLE,,26140 ST RAMBERT D ALBON,06 84 47 28 32, 06 81 69 58 64,avcifacades@orange.fr,
RS MOTOCULTURE,MOTOCULTURE,RODOLPHE SERVE,ZA LES GONNETS NORD,,26390 HAUTERIVES,09 73 79 74 76,,celine@rs-motoculture.com,
SUD EST FACADES SARL,FACADIER,UYUMAZ,200 ZA LES BRUYERES,,38150 AGNIN,04 74 29 80 04,,sud.est.facades@orange.fr,
IMMOCENTER,IMMOBILIER,HERNANDEZ OCEANE,11 ROUTE DE MARSEILLE,,38150 CHANAS,,06 24 90 51 34,immocenter.lh@gmail.com,
ARTPROBAT,MENUISERIE,DIDIER MANDON,8 RUE BERNARD MOREL,,26140 ANNEYRON ,,06 89 14 14 85,artprobat26@outlook.fr,
AROM TECHNOLOGIES ,PANNEAUX PHOTOVOLTAIQUES,ALEXIS REDON,26 RUE DE MARSEILLE ,,26140 ST RAMBERT D ALBON,,06 61 91 11 85,alexis.redon@aromtechnologies.fr,
TOP DUO,CONSTRUCTIONS INDIVIDUELLES,MICHEL FAURE,94 AVENUE GABRIEL PERI,,38150 ROUSSILLON,,,michel.faure@ast-groupe.fr,
GROUPE ISOLA ENERGIES,ENERGIES RENOUVELABLES,GEOFFRAY FLORES,IMPASSE DU RENIVET ,,38150 SALAISE /SANNE,04 58 47 02 68,,contact@groupe-isola-energies.fr,
MIKIT CHANAS PROPRILOGIS,CONSTRUCTIONS INDIVIDUELLES,EDDY MAGNE,203 RUE DU FUTUR,,38150 CHANAS,,06 35 29 33 08,e.magne@mikit.fr,
MINDSET ,ARCHITECTE INTERIEUR,LORIANNE LEPOMBY,22 CHEMIN DE MILAN ,,ST RAMBERT D ALBON,,06 03 43 85 04,l.lepomby@mindset-design.fr,
FAURE JARDINAGE GRENIER,MOTOCULTURE,GREGOIRE FAURE,95 ROUTE DE LA BLACHETTE,,26140 ANNEYRON ,04 75 31 51 93,,accueilann@faure-jardinage.fr,
CAPIFRANCE,MANDATAIRE IMMOBILIER,ANTHONY BARRIER,18 RUE SALVATOR ALLENDE,,38150 SALAISE /SANNE,,07 60 25 43 30,anthony.barrier@capifrance.fr,
TECHNIC VOLET,REPARATION DE VOLETS,COMBE CYRIL,12  ROUTE DU ST JOSEPH,,07430 ANDANCE,,06 51 47 90 21,contact@technicvolet.fr,
SOLUDO,PISCINE COQUE,BILLON JEAN LUC,112 ROUTE DE VALENCE ,,26600 MERCUROL-VEAUNES,,06 80 82 24 83,lucdebillon@orange.fr,
COULEURS  DE FEU,POELES  CHEMINEES ,GONZALES BRUNO,21 AVENUE MARC SEGUIN,,07100 ANNONAY,04 75 32 96 90,,couleurs-de-feu@orange.fr,
FAUCHERY SAS,Imprimerie - Papeterie,M. Tardy Laurent,"34, route de Marseille",38150,CHANAS,04 74 84 38 34,,fauchery@wanadoo.fr,www.fauchery.com
CHAPUS,PLOMBERIE CHAUFFAGE,CHAPUS CHRISTOPHE,5 RUE DU PORT DE CHAMPAGNE,,26140 ST RAMBERT D ALBON,04 75 31 04 58,,chapus.atelier@orange.fr,
AGS,ELAGAGE,SERRE LOIC,90 IMPASSE LE PARADIS,,38150 CHANAS,,06 68 55 61 23,arboriste.gs@gmail.com,
BUCHAILLOT,COUVERTURE ZINGUERIE,BUCHAILLOT CYRIL,6 AV DES ROSES,,26140 ST RAMBERT D ALBON,,,multiservices.buchaillot@gmail.com,
VITTORIO DESORT,DIAGNOSTIC IMMOBILIER,VITTORIO DESORT,51 RUE DE LA REPUBLIQUE ,,38270 BEAUREPAIRE,,06 47 86 03 12,vddiags@gmail.com,
BAUER PHILIPPE,PARQUET REVETEMENT DE SOL,BAUER PHILIPPE ,30 AVENUE JEAN JAURES,,26240 ST VALLIER,,06 77 06 74 14,phbauer.parquets@free.fr,
AQUARELLE PISCINE,PISCINE,BUCAILLE ALAIN,3 ROUTE DE LA MAISON BLANCHE,,26140 ST RAMBERT D ALBON,,06 26 95 81 61                 ,aquarelle.piscines@wanadoo.fr,
ARDELECT,ELECTRICIEN,LILLOZ GUILLAUME,280 RUE JULES ROMAIN,,07430 DAVEZIEUX,04 75 67 52 17,,contact@ardelct.fr,
OLAGNON ENERGIES,POMPE A CHALEUR,OLAGNON PATRICE,32 AVENUE DU MARECHAL FOCH,,TOURNON SUR RHONE,04 75 06 10 39,,contact@olagnonenergies,
REVOL HERVE,CHARPENTE,REVOL HERVE,81 RUE DE MARSEILLE,,26140 ST RAMBERT D ALBON,,,herverevol12@gmail.com,
ACM CYCLOVAC,Aspiration centralisée - Machines  à coudre,M. ROCHE Dominique,"1477, route de Lyon",7430,DAVEZIEUX,04 75 33 04 97,06 63 57 93 52,acm.07.26@gmail.com,www.acmleconfortdelamaison.fr
VERANDIER    VERANDISSIME,VERANDA PERGOLA,COLSON ERIC,15 CHEMIN DU BERTRAND ,,26600 PONT D ISERE,,06 37 41 67 55,ecolson@tryba.fr,
CHEMINEE BOISAUBERT,CHEMINEE,BOISAUBERT   ROMAIN,8 2 A EMCO PARC ,,38550 SABLONS,04 74 29 81 50,,contact@cheminees-boisaubert.fr,
FONBONNE,MOTOCULTURE,FOMBONNE ,2030 ROUTE VALLIS AUREA QUARTIER LA BRULA,,26140 ANNEYRON ,04 75 31 54 35,,srv.secretariat@orange.fr,
GARAPON,MEUBLES ,GARAPON BERNARD,124 RUE DE LA GARE,,38980 VIRIVILLE,,06 84 22 68 65,,
AMBIANCE HABITAT ,CHEMINEES POELES,BLANCHARD DAVID,645 RUE DE LA THINE,,26140 ALBON,04 69 29 25 75 ,06 80 84 92 06,contact@ambiancehabitat.fr,
COGNE,MENUISERIE,FRANCK DREVETON,42 B ROUTE DE GRENOBLE,,38160 ST SAUVEUR,04 76 38 11 83,06 41 69 83 91    ,f.dreveton@orange.fr,
ALPES ISOL’VER TRYBA,MENUISERIE,JOSE LOPES VIEIRA,ZI LES GRANDS CHASSES 10 ALLEE ABBE PIERRE,,26750 ST PAUL LES ROMANS,04 75 72 08 32,,alpesisolver@orange.fr,
BERNARD TERRASSEMENT PAYSAGE,PISCINISTE,MATTIEU BERNARD,495 ROUTE DE VALENCE,,26260 CLERIEUX,,06 22 94 37 79,bernardterrassementpaysage@gmail.com,
L’IMMO DU BOIS,AGENCE IMMOBILIERE,CARINE DUBOIS,13 ROUTE DE VALENCE,,38150 ROUSSILLON,,06 99 31 89 41,limmodubois@gmail.com,
ID’RENO,RENOVATION HABITAT ,CLOUET DAMIEN,9 ALLEE DE LA GARE ,,07100 ANNONAY,04 81 65 19 00,,contact@idreno.fr,
PITIOT ,PEINTURE,PITIOT,8 IMPASSE CAMILLE COROT ,,38150 SALAISE /SANNE,,06 30 56 17 20,pitiotje@orange.fr,
V.D.F ISOLATION,ISOLATION TRAITEMENT HABITAT,FEYTY FRANCK,,,07370 SARRAS,,06 52 94 40 47,vdf.ith@gmail.com,
MENUI-PRO,MENUISERIE,DALY et GIBERT,26 BIS ROUTE DE L’ETRAT,,42270 ST PRIEST EN JAREZ,04 77 93 67 67 ,,menuipro@menuipro.fr                   ddaly@menuipro.fr,
TRIDOME,BRICOLAGE,JOULIA ALAIN ,9 RUE JONCHAIN NORD,,38150 SALAISE /SANNE,04 74 11 17 17,,valerie.gougne@tridome.net,
INKCOLOR COMMUNICATION,COMMUNICATION,DUCHAMP STEPHANE,135 ROUTE DES FOUILLOUSES NORD,,26140 ANNEYRON ,04 75 31 58 58,,sd@inkcolor.fr,
MAISONS DES COMPAGNONS,CONSTRUCTIONS INDIVIDUELLES,MELINAND S et BRICHET L,376 RN7 PLATEAU DE LOUZE ,,38150 ROUSSILLON,,07 82 56 31 97,v.four@egcc-s.com,
ARNAUD CHARPENTE,CHARPENTIER COUVREUR,ARNAUD NICOLAS,109 ROUTE BLEU,,07430 DAVEZIEUX,,06 65 73 06 37,contact@arnaudcharpente.fr,
BTP SERVICES,TRAVAUX PUBLIC AMENAGEMENT EX,DESCORME KEVIN et MARLENE,184 CHEMIN DES GRILLONS ,,26140 ANNEYRON ,,06 50 97 90 79,kevindescorme@gmail.com,
TRANCHAND EURL ATELIER RENAISSANCE,AERO GOMMAGE RELOOKING MEUBLES,TRANCHANT,28 RUE GUSTAVE TOURSIER,,38550 SABLONS,,06 11 03 67 78,aerogommage.eco@gmail.com,
GOURMANEL BIEN ETRE ET PISCINE ,PISCINE,DUCHAMP STEPHANE,158 RUE DES GLIERES ZA CHAMP ROLLAND OUEST,,38150 SALAISE /SANNE,04 74 86 07 32,,contact@piscinesgourmanel.fr,
DECO LAURY,LAURY SANDON,,,,decolaury@outlook.fr,,06 76 55 22 88,,
IAD FRANCE,DOUDAINE LIONEL,34 ROUTE DES BRETANCHES,07340 CHARNAS,,lionel.doudaine@iadfrance.fr,,07 62 63 77 64,,
SOUD’INOX,SERRURERIE METALERIE,CASTILLO THOMAS,ZA LE FLACHER,,07340 FELINES,04 75 33 26 38,,soud.inox@orange.fr,
CDR JIMMY COUDER ,PLOMBERIE CHAUFFAGE,COUDER JIMMY,42 RUE LUZY DUFEILLANT,,38270 BEAUREPAIRE,,06 44 75 96 29,jimmy.couder@icloud.com,
JARDIN DE BRUYERE,Horticulture,Mr bruyère Jerome,464 route des pierrelles,,26240 beausemblant,04 75 03 04 40,,bruyere08/3@orange.fr,
NC 2008 ENVIRONNEMENT,ISOLATION,WILLIAM GHRENASSIA,12 CD 12 ,,69360 SOLAIZE,04 78 82 88 28,,williamg@eurocombles.fr,
CHAUFFAGE ET CLIMAT ,POMPE A CHALEUR,WILLIAM GHRENASSIA,12 CD 12 ,,69360 SOLAIZE,04 78 82 88 28,,williamg@eurocombles.fr,
LES MAISONS DU GROUPE,CONSTRUCTIONS INDIVIDUELLES,JULIE BARBATO,10 RUE DU DOCTEUR ROYBARD PAC DE MARENTON ,,07100 ANNONAY,04 75 33 21 01,,communication@lesmaisonsdugroupe.com,
