LES DESIGNERS DE PIERRE  FACON PIERRE,ENDUIT PIERRE,KLOCK,590 ROUTE DE RAPON,,26140 ANNEYRON ,06 58 67 68 78,,designersdepierre@gmail.com,,
ICF PROTECTION,ALARME ELECTRICITE,PASQUION AURELIEN,154 RUE JACQUES CARTIER,,07430 DAVEZIEUX,06 69 20 69 62,,icfprotec@gmail.com,,
INFO ECONOMIE ENERGIE,ISOLATION HYDROFUGE,KATHY PECH FLORES,20 IMPASSE DENIS PAPIN ZA FONT GRAVE,,26740 MONTBOUCHER/ JABRON,04 75 49 61 97,,serviceadmin@i-ee.fr,,
CP STRUCTURE,MAITRE D OEUVRE,CARLE MICHEL,327 ROUTE D ANNONAY,,07100 ROIFFIEUX,06 70 82 56 42,,contact@cpstructures.com,,
SAS ETS GIBERT,TRAITEMENT CHARPENTE,GIBERT OLIVIER,ZAE DE CHAMPAGNE 23 RUE LOUIS GILLOT,,07300 TOURNON,04 75 07 23 60,,contact@etsgibert.fr,,
TC BATIMENT,,ENTREPRISE GENERALE DU BATIMENT,CONJARD THIERRY,38150 SALAISE /SANNE,13 RUE PIERRE SEMARD ,06 77 74 23 15,,tcbatiment2017@gmail.com,,
EURE’K RENOV HABITAT ILLICO TRAVAUX,COURTIER EN TRAVAUX,DESCORME FRANCK,45 BOULEVARD DE LA REPUBLIQUE,,07100 ANNONAY,06 79 13 17 84,,franck.decorme@illico-travaux.com,,
TARAVELLO,FERMETURE DE L HABITAT,NICOLAS TARAVELLO,6/8 RUE A.GELIBERT BP 191 ,,26109 ROMANS CEDEX,04 75 05 79 93 , 04 75 70 48 34,contact@taravello-sa.fr,,
ATELIER CROZET,ARTISAN.TAPISSIER,ANGELO CROZET,30 BIS AVENUE DU MIDI,,26600 GERVANS,06 03 36 25 50,,ateliercrozet@sfr.fr,,
ESPACE MENUISERIE,MENUISERIE,YANNICK SAUNIER,30 RUE DU RENIVET,,38150 SALAISE /SANNE,06 01 81 13 02,,yannicksaunier@sfr.fr,,
CONSERVES ET TERRINES D ARDECHE,PRODUITS ARDECHOIS,FERREIN SANDRINE,108 ROUTE DU CHAMBON,,07690 VOCANCE,06 89 77 83 94,,ferreinsandrine@gmail.com,,
GABET FREDERIC AVOCAT,AVOCAT,FREDERIC GABET,65 AVENUE DU DOCTEUR L STEINBERG ,,26140 ST RAMBERT D ALBON,04 75 31 02 60,,cabinet@cabinetgabet.com,,
ENTREPRISE FAURIAT,CARRELAGE,POINAS JULIEN,ZA EMCOPARC 6 RUE MONCEY ,,38550 SABLONS,04 74 84 34 71,06 45 57 14 73,b.fauriat@wanadoo.fr,,
CLARA STORES,STORE VOILAGE,F LELEU,100 IMPASSE JOSEPH CUGNOT,,26300 CHATUZANGE LE GOUBET,04 75 71 34 09,,clara-store-deco@orange.fr,,
SONNIER BOIS ,MENUISERIE,ANTOINE MARRANT,ZAC DE JUSTICES,,38150 SALAISE /SANNE,04 37 02 29 92,,sonnier@sonnier.fr,,
TOUT POUR L EAU   GE3M,PISCINE,GE3M,7 ZA EMCOPARC ,,38550 SABLONS,04 37 04 69 01,,ge3m.toutpourleau@orange.fr,,
SARL ALGO,ZINGUERIE ALU,LIGUORI VINCENT,1 RUE DE SOURCE ZI MARENTON 3 ,,07100 ANNONAY,04 75 33 28 34,,contact@algo-alu.fr,,
FABBRI FROID,FRIGORISTE,FABBRI ALAIN ET ARTRU TRISTAN,1805 A ROUTE DE MARCOZ,,26140 ALBON,04 75 03 12 30,,fabbri@fabbri-froid.com,,
EFFICITY,BERNARD FLORENCE,13 RUE  PIERRE SEMARD,38150 SALAISE /SANNE,,,06 75 61 52 07,,fbernard@efficity.com,,
ARCADE SERVICES VULCAN,APPAREIL ANTI CALCAIRE,JOSE RASTEIRO,1 RUE BONJOUR,,26100 ROMANS/ISERE,06 22 68 80 72,,26.arcade@gmail.com,,
ROUSSEY PHILING,MONTE ESCALIER,ROUSSEY PHILIPPE,120 ROUTE DE SABLONS,,38270 PRIMARETTE,06 84 39 19 12,,philing.spa.douche@gmail.com,,
AVCI FACADES,FACADIER,ABDOULAH AVCI,85 RUE DE MARSEILLE,,26140 ST RAMBERT D ALBON,06 84 47 28 32,06 81 69 58 64,avcifacades@orange.fr,,
RS MOTOCULTURE,MOTOCULTURE,RODOLPHE SERVE,ZA LES GONNETS NORD,,26390 HAUTERIVES,09 73 79 74 76,,celine@rs-motoculture.com,,
SUD EST FACADES SARL,FACADIER,UYUMAZ,200 ZA LES BRUYERES,,38150 AGNIN,04 74 29 80 04,,sud.est.facades@orange.fr,,
ARTPROBAT,MENUISERIE,DIDIER MANDON,8 RUE BERNARD MOREL,,26140 ANNEYRON ,06 89 14 14 85,,artprobat26@outlook.fr,,
AROM TECHNOLOGIES ,PANNEAUX PHOTOVOLTAIQUES,ALEXIS REDON,26 RUE DE MARSEILLE ,,26140 ST RAMBERT D ALBON,06 61 91 11 85,,alexis.redon@aromtechnologies.fr,,
GROUPE ISOLA ENERGIES,ENERGIES RENOUVELABLES,GEOFFRAY FLORES,IMPASSE DU RENIVET ,,38150 SALAISE /SANNE,04 58 47 02 68,,contact@groupe-isola-energies.fr,,/
MIKIT CHANAS PROPRILOGIS,CONSTRUCTIONS INDIVIDUELLES,EDDY MAGNE,144 RUE DU FUTUR,,38150 CHANAS,06 35 29 33 08,,e.magne@mikit.fr,,
FAURE JARDINAGE GRENIER,MOTOCULTURE,GREGOIRE FAURE,95 ROUTE DE LA BLACHETTE,,26140 ANNEYRON ,04 75 31 51 93,,accueilann@faure-jardinage.fr,,
CAPIFRANCE,MANDATAIRE IMMOBILIER,ANTHONY BARRIER,2 RUE DESIRE VALETTE ,,26240 ST VALLIER,07 60 25 43 30              ,,anthony.barrier@capifrance.fr,,
TECHNIC VOLET,REPARATION DE VOLETS,COMBE CYRIL,12  ROUTE DU ST JOSEPH,,07430 ANDANCE,06 51 47 90 21,,contact@technicvolet.fr,,
SOLUDO,PISCINE COQUE,BILLON JEAN LUC,112 ROUTE DE VALENCE ,,26600 MERCUROL-VEAUNES,06 80 82 24 83,,lucdebillon@orange.fr,,
COULEURS  DE FEU,POELES  CHEMINEES ,GONZALES BRUNO,21 AVENUE MARC SEGUIN,,07100 ANNONAY,04 75 32 96 90,,couleurs-de-feu@orange.fr,,
FAUCHERY,IMPRIMERIE,TARDY LAURENT,34 ROUTE MARSEILLE RN7,,38150 CHANAS,04 74 84 26 13,,pao@fauchery.com,,
CHAPUS,PLOMBERIE CHAUFFAGE,CHAPUS CHRISTOPHE,5 RUE DU PORT DE CHAMPAGNE,,26140 ST RAMBERT D ALBON,04 75 31 04 58,,chapus.atelier@orange.fr,,
AGS,ELAGAGE,SERRE LOIC,90 IMPASSE LE PARADIS,,38150 CHANAS,06 68 55 61 23,,arboriste.gs@gmail.com,,
VITTORIO DESORT,DIAGNOSTIC IMMOBILIER,VITTORIO DESORT,51 RUE DE LA REPUBLIQUE ,,38270 BEAUREPAIRE,06 47 86 03 12,,vddiags@gmail.com,,
BAUER PHILIPPE,PARQUET REVETEMENT DE SOL,BAUER PHILIPPE ,30 AVENUE JEAN JAURES,,26240 ST VALLIER,06 77 06 74 14,,phbauer.parquets@free.fr,,
AQUARELLE PISCINE,PISCINE,BUCAILLE ALAIN,3 ROUTE DE LA MAISON BLANCHE,,26140 ST RAMBERT D ALBON,04 75 23 59 35,,aquarelle.piscines@wanadoo.fr,,
ARDELECT,ELECTRICIEN PLOMBERIE CHAUFFAGE PANNEAUX PHOTOVOLTAIQUES,LILLAZ GUILLAUME ,280 RUE JULES ROMAIN,,07430 DAVEZIEUX,04 75 67 52 17,,contact@ardelect.fr,,
OLAGNON ENERGIES SOFATH,POMPE A CHALEUR,OLAGNON PATRICE,32 AVENUE DU MARECHAL FOCH,,TOURNON SUR RHONE,04 75 06 10 39,,contact@olagnonenergies.fr,,
REVOL HERVE,CHARPENTE,REVOL HERVE,81 RUE DE MARSEILLE,,26140 ST RAMBERT D ALBON,06 87 33 50 31,,herverevol12@gmail.com,,
ACM,ASPIRATION CENTRALISEE,ROCHE DOMINIQUE,1447 ROUTE DE LYON ,,07430 DAVEZIEUX,04 75 33 04 97,,acm.cyclovac@wanadoo.fr,,
VERANDIER    VERANDISSIME,VERANDA PERGOLA,COLSON ERIC,15 CHEMIN DU BERTRAND ,,26600 PONT D ISERE,06 98 97 74 74,,rzabala@leverandier.fr – ecolson@tryba.fr,,
CHEMINEE BOISAUBERT,CHEMINEE,BOISAUBERT   ROMAIN,8 2 A EMCO PARC ,,38550 SABLONS,04 74 29 81 50,,contact@cheminees-boisaubert.fr,,
FONBONNE,MOTOCULTURE,FOMBONNE ,2030 ROUTE VALLIS AUREA QUARTIER LA BRULA,,26140 ANNEYRON ,04 75 31 54 35,,srv.secretariat@orange.fr,,
GARAPON,MEUBLES ,GARAPON BERNARD,124 RUE DE LA GARE,,38980 VIRIVILLE,06 84 22 68 65,,,,
AMBIANCE HABITAT ,CHEMINEES POELES,BLANCHARD DAVID,645 RUE DE LA THINE,,26140 ALBON,04 69 29 25 75, 06 80 84 92 06,contact@ambiancehabitat.fr,,
COGNE,MENUISERIE,FRANCK DREVETON,42 B ROUTE DE GRENOBLE,,38160 ST SAUVEUR,06 41 69 83 91,04 76 38 11 83,f.dreveton@orange.fr,,
ALPES ISOL’VER TRYBA,MENUISERIE,JOSE LOPES VIEIRA,ZI LES GRANDS CHASSES 10 ALLEE ABBE PIERRE,,26750 ST PAUL LES ROMANS,04 75 72 08 32,,alpesisolver@orange.fr,,
L’IMMO DU BOIS,AGENCE IMMOBILIERE,CARINE DUBOIS,13 ROUTE DE VALENCE,,38150 ROUSSILLON,06 99 31 89 41, 09 86 70 84 88,limmodubois@gmail.com,,
ID’RENO,RENOVATION HABITAT ,CLOUET DAMIEN,9 ALLEE DE LA GARE ,,07100 ANNONAY,04 81 65 19 00,06 59  85 06 81,contact@idreno.fr,,
TRIDOME SARL ORION,BRICOLAGE,JOULIA ALAIN ,9 RUE JONCHAIN NORD,,38150 SALAISE /SANNE,04 74 11 17 17,,valerie.gougne@tridome.net,,
INKCOLOR COMMUNICATION,COMMUNICATION,DUCHAMP STEPHANE,135 ROUTE DES FOUILLOUSES NORD,,26140 ANNEYRON ,04 75 31 58 58,,sd@inkcolor.fr,,
ARNAUD CHARPENTE,CHARPENTIER COUVREUR,ARNAUD NICOLAS,109 ROUTE BLEU,,07430 DAVEZIEUX,06 65 73 06 37,,contact@arnaudcharpente.fr,,
BTP SERVICES,TRAVAUX PUBLIC AMENAGEMENT EX,DESCORME KEVIN et MARLENE,184 CHEMIN DES GRILLONS ,,26140 ANNEYRON ,06 50 97 90 79,,kevindescorme@gmail.com,,
TRANCHAND EURL ATELIER RENAISSANCE,AERO GOMMAGE RELOOKING MEUBLES,TRANCHANT,28 RUE GUSTAVE TOURSIER,,38550 SABLONS,06 11 03 67 78,,aerogommage.eco@gmail.com,,
GOURMANEL BIEN ETRE ET PISCINE ,PISCINE,DUCHAMP STEPHANE,158 RUE DES GLIERES ZA CHAMP ROLLAND OUEST,,38150 SALAISE /SANNE,04 74 86 07 32,,contact@piscinesgourmanel.fr,,
DECO LAURY,DECORATRICE D INTERIEUR,LAURY SANDON,15 IMPASSE DES CHENES ,,26140 ALBON,06 76 55 22 88,,decolaury@outlook.fr,,5 )
IAD FRANCE,IMMOBILIER,DOUDAINE LIONEL,34 ROUTE DES BRETANCHES,,07340 CHARNAS,07 62 63 77 64,,lionel.doudaine@iadfrance.fr,,
SOUD’INOX,SERRURERIE METALERIE,CASTILLO THOMAS,ZA LE FLACHER,,07340 FELINES,04 75 33 26 38,,soud.inox@orange.fr,,
CDR JIMMY COUDER ,PLOMBERIE CHAUFFAGE,COUDER JIMMY,42 RUE LUZY DUFEILLANT,,38270 BEAUREPAIRE,06 44 75 96 29,,jimmy.couder@icloud.com,,
JARDIN DE BRUYERE,HORTICULTURE,BRUYERE JEROME,464 ROUTE DES PIERRELLES,,26240 BEAUSEMBLANT,04 75 03 04 40,,bruyere0813@orange.fr,,
NC 2008 ENVIRONNEMENT,ISOLATION,WILLIAM GHRENASSIA,12 CD 12 ,,69360 SOLAIZE,04 78 82 88 28,,williamg@eurocombles.fr,,
CHAUFFAGE ET CLIMAT ,POMPE A CHALEUR,WILLIAM GHRENASSIA,12 CD 12 ,,69360 SOLAIZE,04 78 82 88 28,,williamg@eurocombles.fr,,
LES MAISONS DU GROUPE,CONSTRUCTIONS INDIVIDUELLES,JULIE BARBATO,10 RUE DU DOCTEUR ROYBARD PAC DE MARENTON ,,07100 ANNONAY,04 75 33 21 01,,commercial@lesmaisonsdugroupe.com,,
OBJECTIF AVENIR,DISTRIBUTEUR DE CREDITS,GUERY BRICE / LE GOFF PHILIPPE,17 BOULEVARD D ALSACE,,2600 VALENCE,06 20 93 83 55,,fabien.reynaud@ymanci.fr,,
CONSTRUCTIONS REGIONALES,CONSTRUCTIONS INDIVIDUELLES,VIOSSAT DAVID,42 RUE HELVETIA,,07340 SERRIERES,06 49 23 70 77,,davidviossat@lesconstructionsreginales.fr,,
LA RENOVATION,COUVREUR ,ADOLPH LIVAY,97 CHEMIN DES DAMES,,69780 ST PIERRE DE CHANDIEU,06 20 81 51 97,,livay.adolph@gmail.com,,
EDF-ENR,POMPE A CHALEUR,RICARD LIONEL,150 ALLEE DES NOISETIERS ZAC DU PUY D OR,,69760 LIMONEST,04 81 07 20 20,,comptabilite@edfenr.com,,
HORLOGERIE PERRIN,REPARATION D HORLOGE,PERRIN JEAN,,,,06 72 75 08 03,,jean.perrin65@gmail.com,,
ECO ENERGIE,CONSEIL ECONOMIE ENERGIE,LENOBLE PATRICK,680 CHEMIN DES HAUCHES DE TOURTON,,07430 SAVAS,06 67 62 13 46,,pl.ecoenergie@gmail.com,,
ALAGOZ FACADES,FACADES ISOLATION EXTERIEUR,ROUX CLAIRE,252 RN7,,38150 ROUSSILLON,06 08 50 00 29,,claire@alagoz-facade.com,,
ESPACE ECO HABITAT SARL TERMIK ,CHAUFFAGE CLIMATISATION,CHARLES CHRISTOPHE DELPHINE DALY,71 ALLEE NICOLAS COPERNIC,,26500 BOURG LES VALENCE,04 75 60 53 76,,cc@espace-eco-habitat.fr,,
RR ENERGY,ENERGIES RENOUVELABLES,RAYANE BENSAFI,38 RUE DE LA REPUBLIQUE,,42400 ST CHAMOND,06 34 21 71 98,,rayane.bensafi@rrenergy.fr,,
VERANDALUX,MENUISIER VERANDIER,FRANCE MAXIME,73 B RUE DU PONT BIAIS ,,26240 LAVEYRON,04 75 23 30 70,,verandaluxrhonealpes@gmail.com,,
DRONE BATIMENT EURL,NETTOYAGE TOITURE,DALICIEUX THIERRY,120 CHEMIN DE LA SAUVA,,07300 TOURNON,06 71 26 13 38,,t.dalicieux@yahoo.fr,,
ENTRPRISE BOVE RESEAU DANIEL MOQUET,AMENAGEMENT EXTERIEUR,BOVE DELPHINE,48 RUE YVES FARGE ,,38150 ROUSSILLON,06 69 55 97 92,,caroline.benimelis@daniel-moquet.com,,
CAMIF HABITAT JF AN’COTRAVAUX ,METRISE OUVRAGE,DE  JARIE,444 CHEMIN DE COINAUD,,38150 AGNIN,07 86 58 72 26,,pro2tarle@outlook.fr,,
RELOOK FACADES,FACADIER ,CETINTAS HUSEYIN,2 QUAI BERTRAND,,07100 ANNONAY,06 49 88 62 37,,relookfacades@orange.fr,,
FRANCE PLOMBERIE CHAUFFAGE FPC,PLOMBERIE CHAUFFAGE,ASSIM BASSAM,131 IMPASSE DE L AVENIR,,38550 AUBERIVES/ VAREZ,04 74 53 32 40,,contactfrancepc@gmail.com,,
SAS GUMUS,FACADES ISOLATION EXTERIEUR,GUMUS FAKI,13 BIS RUE DU MONT GUILLERME,,38780 OYTIERS SAINTE OBLAS,04 85 58 02 71,,contact@gumus-facades.com,,
MECHAUD JOHAN,CHAUFFAGISTE,MECHAUD JOHAN,201 IMPASSE DES DAUPHINIERE,,38138 LES COTES D AREY,04 74 79 51 65,,secretariat@mechaudjohan.fr,,
CIMM IMMOBILIER,AGENCE IMMOBILIERE,FAURE ALAIN,39 AV LUCIEN STEINBERG,,26140 ST RAMBERT D ALBON,04 75 31 24 10,,strambert@cimm.com,,
TENDANCE MENUISERIE ,MENUISERIE CHARPENTE,MEALONIER TONY,160 ROUTE DE CHORIOL,,26240 CLAVEYSON,04 75 68 46 70,,contact@menuiserie-mealonier.fr,,
CLEAN TOITURES AMI PERRIN,TRAVAUX DE COUVERTURE,PERROT,33 RUE DE LA REPUBLIQUE,,69002 LYON,06 12 21 42 83,,contact@clean-toiture.com,,
SARL PFF CF,COURTIER ,FOURNAT PIERRE FRANCOIS,3 B RUE DU TERRALY,,26140 ST RAMBERT D ALBON,06 83 06 25 09,,pierre-f26@hotmail.fr,,
L’ATRE VIENNOIS,POELE JOTUL PISCINE DESJOYAUX,F PACCALET,195 CHEMIN DE LA  RAVAT,,38200 VIENNE,06 37 69 31 93,,contact@jotulvienne.fr,,
ISOTHERME RAVALEMENT TECHNIQUE,RAVALEMENT,SEBTI SOFIANE,442 ROUTE DE LA PIPARDIERE,,38150 CHANAS,07 67 72 71 87,,contact@groupeisotherm.fr,,
FRAISSE,,,,,,06 78 68 57 66,,,,
VOTRE INTERIEUR,,,,,,,,,,
IM2E,,,,,,,,,,
