ABC SERVICES,Multi services Electricité générale,M. BERTHON Christophe,"675, route des Granges",26140,ANNEYRON,,06 62 82 02 83,abcservices26@orange.fr,www.abcservices26.fr
ACM CYCLO VAC,Aspiration centralisée - machines  à coudre,M. ROCHE Dominique,"1477, route de Lyon",7430,DAVEZIEUX,04 75 33 04 97,06 63 57 93 52,acm.cyclovac@wanadoo.fr,www.acmleconfortdelamaison.fr
ADIL informtion energie,information sur l'energie,M. Philippe bouchardeau,44 rue faventines,26010,VALENCE CEDEX,04 75 79 04 13,,pieadil26@dromenet.org,www.pie.dromenet.org
AGS SERRE LOIC,Elagage,M. SERRE LOÎC,Route de Champ Muzet ,26140,ALBON,,06 68 55 61 23,arboriste.gs@gmail.com,
ALAGOZ FACADE,facade isolation par exterieur,MME CLAIRE ROUX,252 RN7,38150,ROUSSILLON,04 74 86 29 89,,alagoz-facade.com,
ALGO SARL,Zinguerie Aluminium,M. LIGUORI  Vincent,"1, rue des Sources PA Marenton 3",7100,ANNONAY,04 75 33 28 34,,contact@algo-alu.fr,www.algo-alu.fr
ALPES ISOL'VER (TRYBA),Menuiserie PVC BOIS ALU,M. LOPEZ VIEIRA José,ZA les grandes classes 10 impasse Abbée Pierre,26750,ST PAUL LES ROMANS,04 75 72 08 32,,alpesisolver.myriam@orange.fr,www.tryba.fr
AMBIANCE HABITAT,POELES ET CHEMINEES,MR BLANCHARD DAVID,645 RUE DE LA THINE,26140,ALBON,04 69 29 25 75,,ambiance.habitat3801@gmail.com,www.ambiance-habitat.fr
AQUARELLE PISCINE,PISCINE,MR BUCAILLE ALAIN,3 route de la maison blanche,26140, ST RAMBERT D ALBON,04 75 23 59 35,,aquarelle.piscines@wanadoo.fr,www.everblue.com
ARCOOP,Renovation energetique,MR ANGE THOMAS,2 RUE CAMILLE CLAUDEL,26100,ROMANS SUR ISERE,06 60 07 84 39,,thomas-ange@hotmail.com,
ARDELECT,"Electricité, plomberie energie renouvelable",Mr Christian FAURIE,"280, rue Jules Romain ZI La Lombardière",7430,DAVEZIEUX,04 75 67 52 17,,direction@ardelect.fr,
ARNAUD CHARPENTE,Charpente couverture,Mr ARNAUD NICOLAS,6 IMPASSE DU VERGER,7430,ST CYR,06 65 73 06 37,,contact@arnaudcharpente.fr,www.arnaudcharpente.fr
ASCENSEUR 26,ascenseur automatisme,MR ALTOUNIAN SERGE,20 domaine de st hugon,26210,EPINOUZE,06 99 14 55 77,,ascserge@gmail.com,
ATELIER CROZET,Tapissier / Paillage de chaises,Mr CROZET Angélo,"30 bis, avenue du midi",26600,GERVANS,04 75 23 73 45,06 03 36 25 50,ateliercrozet@sfr.fr,
AVENIR HOME TEC,Isolation des combles,Mme BENARD,537 montée de l'église,26210,EPINOUZE,04 75 31 36 19,,avenir.home.tec@orange.fr,
AVCI Façades,Facadier,M. Avci Abdullah,85 rue de Marseille,26140,ST RAMBERT D'ALBON,04 75 31 36 84 ,06 81 69 58 64,avcifacades@orange.fr,
BB2C CONSTRUCTION,constrction maisons individuelles,MR CONJARD THIERRY,13 rue pierre semard,38150,SALAISE / SANNE,06 77 74 23 15,04 74 86 31 20,tc.bb2c@gmail.com,www.bb2construction.com
 BEGOT PIERRE 3 D EXTERIEUR,Pergola bioclimatique,M. Pierre BEGOT,161 Route d'Uzès,30250,VILLEVILEILLE,04 66 88 83 35,06 78 21 54 85,contact@3dexterieur.fr,www.3dexterieur.fr
BMR CONCEPT,Architecte - Maitre d'œuvre,M. ERDINC MUSTAFA,"39, avenue de Lyon",26140,ST RAMBERT D'ALBON,04 69 29 25 72,06 17 50 51 87,contact@bmrconcept.fr,www.bmrconcept.fr
BODY NATURE,Produits entretien bien être,SOULIER JOELLE,route St Clémentin,79250,NUEIL LES AUBIERS,05 49 65 66 18,,expo@bodynature.fr,www.bodynature.fr
BOISAUBERT (CHEMINEES),Cheminées et poêles à bois,M. BOISAUBERT Romain,Rue Moncey EMCOPARC LOT n°8,38550,SABLONS,04 74 29 81 50,06 07 65 41 34,boisaubert.denis@akeonet.com,www.cheminees-boisaubert.fr
BPA CONCEPT,protection solaire fermeture,MR JOACHIM laurent,1 rue jean charcot,26100,ROMANS,04 75 48 82 09,06 40 65 81 81,ljoachim-bpaconcpt@orange/fr,www.bpa-concept.com
BUCHAILLOT CYRIL,couverture plomberie zinguerie,MR BUCHAILLOT CYRIL,6 avenue des roses,26140,ST RAMBERT D ALON,06 72 70 24 78,,multiservices.buchaillot@gmail.com,
CASEO SPECIMEN,Menuiserie,MR LYONNET raphael,"1213, rte des Pierrelles",26240,BEAUSEMBLANT,04 75 25 02 08,06 75 28 35 01,raphael.lyonnet@caseo-specimen.com,www.caseo-maison.com
CHAPUS  ETS,Electro menager / TV / SAV,Mr Christophe CHAPUS,"1 bis, rue de Bon Repos",26140,ST RAMBERT D'ALBON,04 75 31 04 58,,chapus.atelier@orange.fr,www.ets-chapus.fr
CHÂTEAU D AX,salon,M. CRESPI michel,146 rue des glieres champ rolland,38150,SALAISE SUR SANNE,04 74 86 14 03,,alain@halleausommeil.fr,
CK' ELLE,accessoires de mode femme,MME GAMBIN GUYLAINE,32allee de coinaud,26140,ST RAMBERT D albon,06 06 67 14 24,,ckelle.guylaine@gmail.com,
CLARA STORE DECO,store int ext pergolas moustiquaires,Mme LELEU Fabienne,"12, impasse de la petite Royanne",26100,ROMANS,04 75 71 34 09,06 82 50 12 91,clara-store-deco@orange.fr,www.clarastoredeco.fr
CLEAN SYSTEM (CLODIC),Aspiration Centralisée HUSKY,M. CLODIC HUBERT,"270, impasse Les Grenouillets",26600,CHANTEMERLE LES BLES,04 75 07 44 49,06 80 14 78 20,husky-clodic@hotmail.fr,www.aspiration-husky-26-07.fr
CONCEPT CAVE,amenagement de cave a vin,M MILLARD OLIVIER,4 avenue du pdt robert schumann,26300,BOURG DE PEAGE,06 08 63 11 67,,oliviermillard@gmail.com,www.conceptcave.fr
CONSERVES ET TERRINES D'ARDECHE,Produits du Terroir Charcuterie,Mme FERREIN Sandrine,Le Paradis,7690,VOCANCE,,06 89 77 83 94,ferreinsandrine@gmail.com,
COULEUR DE FEU,Vente installation poele et insert,M. GONZALES Bruno,42 rue du quebec,7100,ANNONAY,04 75 32 96 90,,couleurs-de-feu@orange.fr,www.couleursdefeu.fr
CROS ALAIN,Electricité  ,M. CROS ALAIN,"1436, route des perdrix",26210,LAPEYROUSE MORNAY ,04 74 57 20 37,06 30 59 62 35,cros.al@orange.fr,
CUISINELLA EURL AMMEA,vente et installation de cuisine ,MrAINOC ERIC,rue des glières,38150,SALAISE SUR SANNE,06 23 10 03 93,,eric.ainoc@ammea.fr,
DELMONICO DOREL,Carrière,MR MERMET,route départementale D 1082,38550,SABLONS,04 74 84 24 23,06 86 27 60 67,bmermet@deldo.net,
DPE CARRELAGE,Artisan Carreleur,M. PUGLIESE David,"244, chemin des soupirs",26210,EPINOUZE,,06 11 80 32 31,david.pugliese@hotmail.fr,
FABBRI FROID ENERGIE SARL,Climatisation - Pompe à chaleur,Mr Alain FABBRI,140 impasse des freesias za chp muzet,26140,ALBON,04 75 03 12 30,,fabbri-froid@wanadoo.fr,
FAUCHERY SAS,Imprimerie / Papeterie,Mr Tardy,34 route de Marseille - RN 7,38150,CHANAS,04 74 84 38 34,,fauchery@wanadoo.fr,
 FAURIAT Bernard,Carreleur - Chape fluide,M. POINAS Julien,Rue Moncey EMCOPARC LOT n°6,38550,SABLONS,04 74 84 34 71,06 07 96 94 06,b.fauriat@wanadoo.fr,www.entreprisefauriat.fr
 GABET FREDERIC(Maître),Avocat,MRr GABET FREDERIC,"65, avenue lucien Steinberg",26140,ST RAMBERT D'ALBON,04 75 31 02 60,,cabinet@cabinetgabet.com,www.cabinetgabet.com
GARAPON MEUBLES MATELAS,Meubles & Matelas,MR GARAPON BERNARD,124 rue de la gare,38980,VIRIVILLE,06 84 22 68 65,04 74 54 11 08,,
GIBERT (SARL ETS),Traitement des bois - isolation des combles,  M. GIBERT OLIVIER,"ZAE ds Champagne, 25 rue louis Gillot",7300,TOURNON,04 75 07 23 60,,ets.gibert@wanadoo.fr,www.gibert-traitement-bois.fr
GRENIER SARL,Motoculture,M. GRENIER Jean-Yves,"95, route de la Blachette",26140,ANNEYRON,04 75 31 51 93,,grenier.jean-yves@wanadoo.fr,www.grenier-motoculture-agricole.fr
GROUPAMA,Assurances et Banque,Mme Lucie Deschamps,16 av. Dr Lucien Steinberg,26140,ST RAMBERT D'ALBON,04 75 31 15 39,,ccombe@groupama-sud.fr,
 HYGIEAU,Traitement de l'eau / Solaire,M. PERELLI Yohan,831 rue Aristide Berges CS 20105,26500,BOURG LES VALENCE,04 75 58 69 20 ,,narnaud@hygieau.net,www.hygieau.com
IDEALES OUVERTURES,Menuiserie ,MME HARTMANN,"955, Chemin de Sambillot",38121,CHONAS L'AMBALLAN,,06 41 91 25 75,idealesouvertures@gmail.com,www.idealesouvertures.com
INOLYS / INOVIA Concept,Energies renouvelables,M. OLIVIER RENEBON,"42, rue de Vaucanson",69150,DECINES,04 37 53 24 70,,mc.clodic@inolys.fr,www.inolys.fr
ING BATIMENT,Isolation couvertures facades,MR GRETOUX PATRICE,15 RUE DES ETOURNELLES,26100,ROMANS,04 75 48 17 99,,adm@ing-batiment.fr,www.ing-batiment.fr
ISOCOMBLE (CYB ISOL),Isol combles nettoyages toitures,COHEN YVES,"33, avenue de Verdun",26000,VALENCE,04 75 59 30 72,06 73 58 49 86,valence@isocomble.com,www.isocomble.com
ISOL DROME ARDECHE,Isolation par moussepolyuréthane projetée,M. FERNANDEZ Grégory,ZA Les Basseaux Sud,26800,ETOILE SUR RHONE,04 75 82 94 11,04 75 82 87 04,g.soustrat@isol2607.fr,www.isolat-France.com
JARDIN DE BRUYERE ,Horticulture ,M. BRUYERE JEROME,"464, route des Pierrelles ",26240,BEAUSEMBLANT,04 75 03 04 40,,bruyere0813@orange.fr,
JMC MENUISERIE,Menuiserie exterieure,M CORNEILLER JEAN MARY,za laye,26320,ST MARCEL LES VALENCE,04 75 85 77 38,,jmcmenuiserie@hotmail.fr,www.jmc-menuiseries.fr
L'ATELIER DES MINERAUX,Création bijoux,M. PRUD'HOMME Robin,"70, rue des Vèpres",38550,LE PEAGE DE ROUSSILLON,,06 82 27 08 20,atelierdesmineraux@yahoo.fr,Facebook l'atelier des mineraux Péage
LA CENTRALE DE FINANCEMENT,Courtier en prêt immobilier,Mme DUC Sylvie,"15, rue du Marquis d'Arlande",26140,ANNEYRON,,06 63 32 65 38,s.duc@lacentraledefinancement.fr,
LE LIVRE D'IMAGE,PHOTOGRAPHE,MR BESSELIA SEBATIEN,41 RUE LUCIEN STEINBERG,26140,ST RAMBERT D ALBON,04 75 23 77 15,06 33 79 73 50,besseliasebastien@orange.fr,www.lelivredimages.e-monsite.com
LES CONSTRUCTIONS REGIONALES,Constructeur,M. ROUX YVES,"45, rue du 11 novembre",42100,ST ETIENNE,,06 25 41 14 88,bdebernardy@lesconstructionsregionales.fr,www.lesconstructionsregionales.fr
LES MAISONS DU GROUPE CIB IMMOBILIER,Constructeur maisons individuelles,M. BARBATO Julie,PAE de Marenton,7100,ANNONAY,04 75 33 21 01 ,04 75 33 21 01,mdg@maisondugroupefr,www.lesmaisonsdugroupe.com
MAISONS LIBERTE SAS,Constructeurs de maisons individuellesCOURBIS Laet LENOX Gabri,Mr Sovad FRULIO,"305, rue Antoine de Lavoisier",26503,BOURG LES VALENCE,04 75 82 77 20,06 67 08 16 54,sfrulio@groupe-vabrim.fr,www.maisons-liberte.com
MARLAU SARL ( RAMBERT CONFECTION),Machine à coudre - mercerie - fil à tricoter,Mme Laurence BERTIN,17 Avenue Dr Lucien Steinberg,26140,ST RAMBERT D'ALBON,04 75 31 19 29,,contact@rambert-confection.com,www.rambert-confection.com
MD PRODUCTIONS,Portail & Clôture,MR MILAN DAVID,53 route de langonand,42400,ST CHAMOND,06 74 50 84 18,09 50 69 95 71,david.milan42400@gmail.com,
MENUISERIE COMBE (ART & FENETRES),"Menuiserie bois, Alu, PVC ",Mr GUERRI Jean-Louis,"ZI le Cappa 5, rue du Port de Champagne",26140,ST RAMBERT D'ALBON,04 75 31 00 67,07 89 61 57 73,jlguerri@menuiseriecombe.com ,
MF DECO CONSEIL,Habitat neuf reno,MME ROYER MARIE-FRAN,42 côte barlet,7100,ANNONAY,06 80 25 20 00,,mfdecoconseil@gmail.com,
M METAL,Metallerie Ferronnerie serrurerie,M. MOREL Nicolas,"124, rue Paul Gauguin",7430,DAVEZIEUX,09 52 35 67 00,07 81 17 21 27,m.metal@free.fr,
MOBALPA - L3CS,Cuisiniste,M. FERRAND Christophe,"146, rue des Glières",38150,SALAISE SUR SANNE,04 82 75 68 40,,contact@salaisesursanne.mobalpa.com,www.mobalpa.fr
MURSOL STE NOUVELLE,Papier peint peinture,MR CROUZET MICHEL,60 avenue docteur steinberg,26140,ST RAMBERT D albon,04 75 31 05 22,,societe-nouvelle-mursol@orange.fr,
NVI RENOVATION,Rénovation habitat,MR NAVERI VICTOR,6 impasse de la bourne,26300,BOURG DE PEAGE,06 22 84 73 02,,vitornaveri@orange.fr,www.nv-renovations.fr
 PAQUAUD MARTINE WMF ,Ustensils de cuisines,Mme PAQUAUD Martine,"5, allée Lucien Chautant",26140,ST RAMBERT D'ALBON,04 75 31 20 93,06 14 79 12 62 ,martine.paquaud@hotmail.fr,
PHENIX ISOLATION SAS,Isolation des combles,ARRIGONI Adrien,"1655, route du Liers",38260,NANTOIN,04 74 20 19 22,07 89 01 56 89,phenixisolation@gmail.com,www.phenix-isolation.fr
PISCINES Serge GOURMANEL,Piscines et Spas,M. GOURMANEL,ZA Champ Rolland 158 rue des glières,38150,SALAISE SUR SANNE,04 74 86 07 32,,contact@piscinesgourmanel.fr,www.piscinesgourmanel.fr
PITIOT SARL,Peinture décoration minérale et chaux,M. PITIOT Laurent,"8, impasse Camille Corot",38150,SALAISE SUR SANNE,04 74 29 61 81,06 30 56 17 20,pitiotje@orange.fr,www.chaux-decoration.com
PLASTALVER,"Menuiserie Alu, PVC ",Mr François COPONAT,ZA Champ Rolland 116 rue des glières,38150,SALAISE SUR SANNE,04 74 86 16 24,,s.coponat@plastalver.fr,www.plastalver.com
PORTE DE DROMARDECHE,Communauté de communes,,2 rue F. Barré-Sinoussi - ZA Les Iles,26241,ST VALLIER,04 75 23 45 65,,contact@portededromeardeche.fr,www.porte-de-dromeardeche.fr
RAVOIN COPRA,Cuisines ,M. Michel RAVOIN,,26241,ST VALLIER,04 75 23 43 51,,directioncopraval@orange.fr,
ROURE RICHARD,PEINTRE,MR ROURE RICHARD,20 route des vergers,26140,ST RAMBERT D ALBON,04 75 31 05 73,06 09 87 05 09,sarl.roure.richard@sfr.fr,
 SANFILIPPO Françoise ,Produits d'entretien HA RA,Mme SANFILIPPO Françoise,"17, les hauts de Coinaud",26140,ST RAMBERT D'ALBON,04 75 31 13 01,06 89 41 14 90,robert.sanfilippo0445@orang.fr,
SOFATH -OLAGNON ENERGIES ,Chauffage géothermique,M. OLAGNON Patrick,"160, chemin Imbert",7300,TOURNON,04 75 06 10 39,06 08 56 69 79,olagnon.energies@orange.fr,www.sofath.com
 SOLUDO PISCINES ,Piscines coque polyester,M. BILLON Luc,"112, route de Valence",26600,MERCUROL-VEAUNES,04 75 06 83 45,06 80 82 24 83,lucdebillon@orange.fr,www.soludopiscines
 SONNIER SAS ,Menuiserie Vente et pose,M. THOMAS Guillaume,Zac des Justices,38150,SALAISE SUR SANNE,04 37 02 29 32,06 33 81 02 63 ,menuiserie@sonnier.fr,www.sonnier.fr
SRV FOMBONNE,Matériel Agricoles,M. FOMBONNE Romain,"La Brula , 2030 route Vallis Auréa",26140,ANNEYRON,04 75 31 54 35,,srv.fombonne@orange.fr,
STYLES ET PIERRES,Maconnerie,MRVINCENT GIRARDINI,1 ROUTE DE CHAVANNES,26600,CHANTEMERLE LES BLES,06 29 76 04 53,,caty.vincent@hotmail.fr,
SUD EST FACADES,Isolation Ext ravalement,M. UYUMAZ Mehmet  ,"200, ZA les Bruyères",38150,AGNIN,04 74 29 80 04,,sud-est-facades@orange.fr,www.sef-facades.com
SV COURTAGE,Courtier en prêt immobilier,S.Voulouzan J.Guichard,16 avenue de la gare,7100,ANNONAY,04 75 34 18 85,,contact@svcourtage.com,
TARAVELLO MENUISERIE,Fermeture de l habitat,MR TARAVELLO ALPHONSE,6 et 8 rue alphonse gelibert,26109,ROMANS SUR ISERE,04 75 70 48 34,,contact@taravello-sa.fr,www.taravello.fr
TECHN'IC VOLET,Réparation motori volets roulants,M. COMBE Cyril,"12, route du St Joseph",7340,ANDANCE,,06 51 47 90 21,contact@technicvolet.fr,www.technicvolet.fr
TOMMASINI NICOLAS,Plombier chauffagiste,MR TOMMASINI NICOLAS,13 rue jules vedrines,26140,ST RAMBERT D ALBON,06 22 27 43 05,,tommasiniplomberie@yahoo.fr,
TOUT POUR L'EAU - SARL GE3M,Piscine ,Mr LEVIEUX Michaël,7 Rue Moncey EMCOPARC ,38550,SABLONS,04 37 04 69 01,,emilietpe@orange.fr,www.toutpourleau.fr
TRIDOME SARL ORION 38,GSB,MR BADON PATRICK,"9, rue de Jonchain Nord",38150,SALAISE SUR SANNE,04 74 11 17 17,,valerie.gougne@tridome.net,
VILLAS ESPACE -CIMM IMMOBILIER,Bureau d'études- Agence Immobiliere,Mr FAURE Alain,39 avenue Lucien Steinberg,26140,ST RAMBERT D'ALBON,04 75 31 24 10,,contact@villas-espace.fr ,www.villas-espace.fr
ABAS,Traitement de l'eau/Assainis individuel,Mme WEIBEL Elisabeth,PA du moulin neuf 1,56130,PEAULE,02 97 42 86 32,06 28 29 89 91,elisabeth.simbiose@gmail.com,www.simbiose.fr 
